english_name,thai_name,brand,price,serving_size,calories,total_fats,saturated_fat,cholesterol,protein,total_carbohydrates,dietary_fibre,total_sugars,sodium,image,category,ingredients,allergens
Shrimp and Kale Fried Rice,ข้าวผัดคะน้ากุ้ง,EZYGO,49,220,440,18,6,140,12,57,2,4,890,,Rice,,
Shrimp Omelette with Rice,ข้าวไข่เจียวกุ้ง,EZYGO,,240,470,19,4,250,15,58,,1,620,,Rice,,
Stir-Fried Basil Chicken + Fried Egg with Rice,ข้าวกะเพราไก่ ไข่ดาว,EZYGO,,270,460,12,2.5,205,22,65,,2,780,,Rice,,
Stir-Fried Basil Pork with Rice,ข้าวกะเพรา,EZYGO,,254,500,16,4,25,16,74,,4,710,,Rice,,
Chicken with Yellow Curry Rice,ข้าวหมกไก่,EZYGO,,280,540,14,5,55,19,85,,13,1620,,Rice,,
Red Curry Pork + Pork Omelette with Rice,ข้าวพะแนงหมู+ไข่เจียวหมูสับ,EZYGO,,255,460,14,7,125,16,67,,6,740,,Rice,,
Stir-Fried Soy Sauce Noodles with Pork,ผัดซีอิ๊วหมู,EZYGO,,250,500,18,7,75,9,76,,16,1390,,Noodle,,
Spicy Minced Pork & Grilled Pork with Rice,ข้าวลาบหมู-หมูย่าง,EZYGO,,230,390,11,4,25,15,58,,5,740,,Rice,,
Stir-Fried Basil Pork and Rice,ข้าวผัดกะเพราหมู,EZYGO,,280,530,13,3.5,25,18,85,,6,970,,Rice,,
Pork Fried Rice,ข้าวผัดหมู,EZYGO,,290,550,16,5,95,16,87,,7,940,,Rice,,
Stir-Fried Chicken and Basil with Rice,ข้าว กะเพราไก่คั่ว,EZYGO,,320,550,9,2,25,22,95,,4,1290,,Rice,,
Fried Chicken with Rice,ข้าวไก่ทอด,EZYGO,,300,650,16,6,55,26,99,,7,710,,Rice,,
Rice Vermicelli Noodles with Chicken Meatballs and Pulled Chickens,เส้นหมี่คลุกลูกชิ้นไก่และไก่ฉีก,EZYGO,,285,520,20,5,30,16,68,,13,1500,,Noodle,,
Wide Rice Noodle with Tender Pork in Gravy Sauce,เส้นใหญ่ราดหน้าหมูนุ่ม,EZYGO,,395,410,11,3.5,10,11,66,,11,1480,,Noodle,,
Egg Noodle with Pork Wonton and BBQ Pork,บะหมี่เกี๊ยวหมูแดง,EZYGO,,265,430,11,3.5,15,20,61,,13,1270,,Noodle,,
Creamy Tom Yum Kung,ต้มยำกุ้งน้ำข้น,EZYGO,,,,,,,,,,,,,,,
Egg Tofu and Minced Pork Soup,แกงจืดเต้าหู้หมูสับ,EZYGO,,,,,,,,,,,,,,,
Charcoal Grilled Chicken with Rice,ข้าวไก่ย่างถ่าน,EZYGO,,205,320,4.5,1.5,55,15,54,,9,630,,Rice,,
Fried Rice with Korean Style Chicken,ข้าวผัดไก่เกาหลี,EZYGO,,250,460,17,4,120,19,57,,8,890,,Rice,,
Stir-Fried Spicy Chicken with Spaghetti,สปาเก็ตตี้ผัดขี้เมาไก่,EZYGO,,250,350,8,1.5,15,18,52,,8,1020,,Noodle,,
Spaghetti with Chicken in Tomato Sauce and Sausage,สปาเก็ตตี้ซอสมะเขือเทศไก่และไส้กรอก,EZYGO,,235,290,9,4.5,40,15,39,,11,840,,Noodle,,
Fried Macaroni with Chicken,ผัดมักกะโรนีไก่,EZYGO,,225,410,16,4.5,65,14,52,,5,880,,Noodle,,
Thai shrimp paste chili dip/sauce,น้ำพริกกะปิ,Nam Phrik Pa Waen Agricultural Housewives Community Enterprise,,,,,,,,,,,,,Condiments,,
Spicy mackerel chili paste,น้ำพริกปลาทู,Nam Phrik Pa Waen Agricultural Housewives Community Enterprise,,,,,,,,,,,,,Condiments,,
Pandan Custard with Young Coconut Sandwich,แซนวิชสังขยามะพร้าวอ่อน,EZYGO,29,83,240,12,6,0,5,28,,11,190,,Sandwich and Toasts,,
Brookie Sandwich,แซนวิชบรูคกี้,EZYGO,35,93,420,20,12,55,6,55,,34,280,,Sandwich and Toasts,,
Sausage and Egg Toast,โทสต์ไข่ดาวไส้กรอก,EZYGO,35,108,300,17,8,230,11,26,,5,500,,Sandwich and Toasts,,
Roasted Chicken Burrito with Spicy Mayo,เบอริโต้ไก่อบสไปซี่มาโย,EZYGO,35,96,260,12,5,25,9,27,,2,540,,Wraps,,
Wrap'n Roll Fried Chicken with Honey Pepper Sauce,แร็พเอ็นโรล ไก่ทอดซอสฮันนี่เปปเปอร์,"Alfredo Enterprise Co., Ltd.",35,78,230,12,2.5,25,8,23,,4,440,,Wraps,,
Wrap'n Roll Fried Chicken Hot Korean Style Sauce,แร็พเอ็นโรลไก่ทอดฮอตซอสโคเรียนสไตล์,"Alfredo Enterprise Co., Ltd.",35,78,230,11,2,20,9,24,,5,450,,Wraps,,
Garlic Bread with Cheese,ขนมปังกระเทียมและชีส,"Alfredo Enterprise Co., Ltd.",,70,270,16,8,25,8,23,,2,180,,Bakery,,
Puff Extra Cheese and Smoke Chicken Sliced,พัฟไส้เอ็กซ์ตร้าชีสและไก่สไลซ์รมควัน,"Alfredo Enterprise Co., Ltd.",32,85,270,13,4,15,10,26,,5,520,,Sandwich and Toasts,,
Steamed Tapioca Balls with Pork Filling,สาคูไส้หมู,EZYGO,,86,,,,,,,,,,,Sides,,
Wrap'n Roll Fried Chicken,แร็พเอ็นโรลไก่ทอด,"Alfredo Enterprise Co., Ltd.",35,80,260,13,3.5,40,7,27,,5,450,,Wraps,,
Ham and Cheese Croissant,ครัวซองค์แฮมชีส,EZYGO,29,77,310,21,9,20,6,24,,5,440,,Sandwich and Toasts,,
Ham and Cheese Parmesan Bread,ขนมปัง พาร์มีซานแฮมชีส,EZYGO,35,73,220,10,6,15,8,25,,3,300,,Sandwich and Toasts,,
Ham Cheese Double Croissant,ดับเบิลครัวซองค์ แฮมชีส,EZYGO,35,74,260,16,9,15,10,20,,2,520,,Sandwich and Toasts,,
"Ham, Sausage, Egg and Cheese Triple Croissant",ทริปเปิ้ลครัวซองค์แฮมไส้กรอกไข่และชีส,EZYGO,,110,430,29,15,40,12,30,,3,570,,Sandwich and Toasts,,
Roti with Butter Condensed Milk and Sugar,โรตีไส้เนยนมน้ำตาล,EZYGO,29,75,280,9,7,5,4,44,,10,220,,Sandwich and Toasts,,
Fried Ham Sandwich with Tonkatsu Sauce and Egg Salad, (แอนวิชแฮมทอดซอสทงคัตสึและสลัดไข่ ตรา อีทโตะ,EZYGO,35,80,230,10,3,5,7,29,,7,490,,Sandwich and Toasts,,
Ham and cheese sandwich,แซนด์วิชไส้แฮมชีส,Oishi Eato,29,77,200,8,2.5,10,7,26,,5,580,,Sandwich and Toasts,,
Tuna Salad Sandwich,แซนวิชไส้ทูน่าสลัด,Oishi Eato,27,77,200,7,2.5,10,8,27,,4,380,,Sandwich and Toasts,,
Alaska Crab Stick & Japanese Style Seaweed Salad,,Oishi Eato,27,73,200,8,2,5,5,27,,5,460,,Sandwich and Toasts,,
Ham Cheese Sandwich,แซนด์วิชแฮมชีส,EZYGO,29,75,210,11,4,5,6,21,,4,380,,Sandwich and Toasts,,
Egg Salad Sandwich,แซนด์วิชสลัดไข่,EZYGO,27,80,220,12,6,5,7,21,,2,320,,Sandwich and Toasts,,
Soft-boiled Egg,ไข่ลวก,CP,18,92,120,7,2,350,12,1,,0,180,,Sides,,
Boiled Eggs,ไข่ไก่ต้มสุก,CP,18,100,140,9,2,420,12,1,,0,280,,Sides,,
Medium Boiled Egg,ไข่ไก่ต้มยางมะตูม,CP,11,,,,,,,,,,,,Sides,,
Onsen Egg,ไข่ออนเซ็น (ไข่ลวกสไตล์ญี่ปุ่น),CP,13,,,,,,,,,,,,Sides,,
Salted Eggs Less Salty Recipe,ไข่เค็ม สูตรเค็มน้อย,CP,15,52,90,6,2,305,7,21,,0,510,,Sides,,
"Hard-boiled chicken eggs, peeled",ไข่ไก่ต้มสุกปอกเปลือก,CP,11,,,,,,,,,,,,Sides,,
Herbal boiled eggs,ไข่ต้มสมุนไพร,CP,13,,,,,,,,,,,,Sides,,
Egg Tofu,เต้าหู้ไข่,CP,11,120,72,3.6,1.2,168,6,2.4,0,0,372,,Sides,,
Steamed Egg Cup - Original Flavor,ไข่ตุ๋นคัพ รสดั้งเดิม,CP,20,,,,,,,,,,,,Sides,,
Khai-tun-cup (Steamed Egg Cup) Japanese Style,ไข่ตุ้นคิพ (ไข่ตุ๋นชนิดด้วย) สไตล์ญี่ปุ่น,CP,20,150,80,4.5,1.5,105,6,4,,1,680,,Sides,,
Khai-Tun-Cup (Steamed Egg Cup) with Minced Chicken and Vegetable Soup,ไข่ตุ้นคัพ (ไข่ตุ๋นชนิดด้วย) ผสมไก่สับและน้ำซุปผัก,CP,20,150,100,5,0.5,155,8,4,,1,540,,Sides,,
Khai-Tun-Cup (Steamed Egg Cup) with Kurobuta Pork,ไข่ตุ๋นคัพ (ไข่ตุ๋นชนิดด้วย) ผสมหมูดำคูโรบูตะ,CP,20,150,80,4.5,1,105,7,3,,1,650,,Sides,,
Khai-Tun-Cup (Steamed Egg Cup) Shrimp with Pork and Chicken,ไข่ตุ๋นคัพ (ไข่ตุ๋นชนิดด้วย) กุ้ง ผสมหมูและไก่,CP,20,150,80,4,1.5,125,6,4,,0,590,,Sides,,
"Braised eggs with tamarind sauce, Kurobuta pork.",ไข่พะโล้ยางมะตูม หมูถ่าคูโรบูตะ,CP,30,160,,,,,,,,,,,Sides,,
Braised eggs with tamarind paste,ไข่พะโล้ยางมะตูม,CP,28,,,,,,,,,,,,Sides,,
Jellyfish with Sesame Oil,แมงกะพรุนน้ำมันงา,EZYGO,25,,,,,,,,,,,,Sides,,
Chuka Wakame Salad Japanese Style,ยำสาหร่ายสไตล์ญี่ปุ่น,EZYGO,20,,,,,,,,,,,,Sides,,
Ebiko,ไข่กุ้งเอบเทะ (เช่กุ้งเทียมทำจากไข่ปลา),EZYGO,25,,,,,,,,,,,,Sides,,
Grilled Tamago with Takoyaki Sauce,ไข่หวานย่างซอสทาโกะยากิ,EZYGO,20,,,,,,,,,,,,Sides,,
Wakame Seaweed with Sesame Oil,สาหร่ายวากาเมะน้ำมันงา,EZYGO,20,,,,,,,,,,,,Sides,,
Stir-fried Instant Noodle with Imitation Crab Stick and Ebiko,บะหมี่ผัดปูอัดไข่กุ้ง (ไข่กุ้งเทียมทำจากไข่ปลา),EZYGO,45,190,340,13,4,20,8,49,,7,1240,,Noodles,,
Classic Chocolate Cake,เค้กช็อกโกแลต คลาสสิก,EZY Sweet,30,75,200,9,3.5,,3,26,3,15,150,,Dessert,,
Double Matcha Cheese cake,ดับเบิ้ลมัทฉะชีสเค้ก,CPRAM ,39,65,230,17,12,35,3,14,,10,95,,Dessert,,
Matcha Cheese Pie,มัทฉะชีสพาย,EZY Sweet,39,70,280,19,12,5,3,24,,9,140,,Dessert,,
Red Velvet Cake,เรดเวลเวทเค้ก,EZY Sweet,39,70,280,26,14,50,3,22,,16,170,,Dessert,,
Apple Cheese Cake,แอปเปิ้ลชีสเค้ก,CPRAM ,39,75,250,17,9,50,4,20,,12,170,,Dessert,,
Chiffon Cake with Thai Taro Custard,ชิฟฟ่อนเค้กหม้อแกงเผือก,EZY Sweet,39,75,190,9,4,55,4,24,,17,130,,Dessert,,
Caramel Pudding Chiffon Cake,ชิฟฟอนเค้กคาราเมลพุดดิ้ง,EZY Sweet,29,85,170,7,4,135,5,23,,18,75,,Dessert,,
Jumbo Big Pao Minced Pork with Salted Egg (Steamed Bun),จัมโบ้บิ๊กเปาหมูสับไข่เค็ม (ซาลาเปา),EZYGO,,120,310,12,4,115,10,41,,7,410,,Dimsum,,
Jumbo Big Pao Minced Pork (Pork mixed Chicken) (Steamed Bun),จัมโบ้บิ๊กเปาหมูสับ (หมูผสมไก่) (ซาลาเปา),EZYGO,30,120,330,13,5,25,9,45,,13,400,,Dimsum,,
Jumbo Big Pao Barbecued Pork (Pork mixed Chicken) (Steamed Bun),จัมโบ้บิ๊กเปาหมูแดง (หมูผสมไก่) (ซาลาเปา),EZYGO,,120,310,6,2.5,5,10,53,,16,590,,Dimsum,,
Mini Minced Pork Pao (Steamed Bun),มินิเปาหมูสับ (ซาลาเปา),EZYGO,24,92,270,13,5,10,8,32,,5,360,,Dimsum,,
Mini Barbecued Pork Pao (Steamed Bun),มินิเปาหมูแดง (ซาลาเปา) ,EZYGO,24,92,220,4.5,2,5,9,36,,7,340,,Dimsum,,
Mini Cream Pao (Steamed Bun),มินิเปาครีม (ซาลาเปา) ,EZYGO,,92,210,3.5,1.5,5,4,41,,14,180,,Dimsum,,
Ham Cheese and Spinach Double Sandwich,ดับเบิ้ลแซนวิชแฮมชีสและผักโขม,EZYGO,39,112,300,13,7,10,10,36,,8,460,,Sandwich and Toasts,,
Shredded Pork with Salad Cream Croissant Sandwich,แซนวิชครัวซองค์ หมูหยองน้ำสลัด,EZYGO,32,96,380,20,10,20,10,40,,13,540,,Sandwich and Toasts,,
Tuna Salmon Croissant Sandwich,แซนวิชครัวซองค์ทูน่าแซลมอน,EZYGO,32,99,370,2,10,15,9,32,,6,450,,Sandwich and Toasts,,
Ham Cheese Croissant Sandwich,แซนวิชครัวซองต์ แฮมชีส,EZYGO,32,96,320,19,10,20,9,29,,3,780,,Sandwich and Toasts,,
Sausage Cheese Croissant Sandwich,แซนวิชครัวซองต์ไส้กรอกชีส,EZYGO,32,109,370,24,12,25,12,29,,2,610,,Sandwich and Toasts,,
Shredded Pork with Chilli Paste Sandwich,แซนวิชหมูหยองน้ำพริกเผา,EZYGO,29,77,260,11,7,10,7,33,,16,580,,Sandwich and Toasts,,
Shredded Pork with Salad Cream Sandwich,แซนวิชหมูหยองน้ำสลัด,EZYGO,29,74,280,14,7,10,7,31,,13,290,,Sandwich and Toasts,,
Sausage Cheese Sandwich,แซนวิชไส้กรอกชีส,EZYGO,29,91,270,14,7,30,11,25,,1,530,,Sandwich and Toasts,,
Ham Cheese Sandwich,แซนวิชแฮมชีส,EZYGO,29,79,240,14,8,15,8,22,,2,530,,Sandwich and Toasts,,
Ham Triple Cheese Sandwich,แซนวิช แฮมทริปเปิ้ลชีส ,EZYGO,37,80,230,9,5,15,9,26,,5,470,,Sandwich and Toasts,,
Carbonara Danish Sandwich,แชมวิชเดนิชคาโบนาร่า,EZYGO,35,105,410,27,16,10,9,33,,6,440,,Sandwich and Toasts,,
Egg Tart Sandwich,แซนวิชไส้ทาร์ตไข่,EZYGO,35,115,460,30,18,65,8,39,,12,290,,Sandwich and Toasts,,
Spinach and Cheese Danish Sandwich,แซนวิชเดนิช ผักโขมชีส,EZYGO,39,105,410,29,17,25,3,30,,4,520,,Sandwich and Toasts,,
Cheese Toasted Sandwich,ชีสโทสต์ แซนวิช,EZYGO,37,86,290,17,11,10,9,24,,4,470,,Sandwich and Toasts,,
Foi Thong and Chocolate Chip Crepe Sandwich,แซนวิชเครปฝอยทองช็อกโกแลตชิพ,EZYGO ⨉ Bow,35,42,180,7,3,95,4,26,,15,140,,Sandwich and Toasts,,
Shrimp Shumai (with Ground Fish and Pork),ขนมจีบกุ้ง (ผสมเนื้อปลาบดและหมู),EZYGO,42,120,300,20,7,45,9,21,,6,900,,Dimsum,,
Fish Oden with Dashi Soup,โอเดนปลากระดาชิ (เนื้อปลาบดปรุงรสสอดไส้น้ำซุปชิดาญี่ปุ่น),CP,27,70,120,6,1,10,6,10,,3,450,,Sides,,
Grilled Meat Balls (5 Sticks) with Meat Ball Dipping Sauce,ลูกชิ้นปิ้ง 5 ไม้ พร้อมน้ำจิ้มลูกชิ้น,EZYGO,39,125,,,,,,,,,,,Sides,,
Roti Topped with Milo,โรตีไมโล,EZYGO,35,100,380,20,6,5,8,42,,14,300,,Sandwich and Toasts,,
Shrimp (With Chicken) Burger,เบอร์เกอร์กุ้ง (ผสมไก่),EZYGO,29,93,190,4,1.5,15,10,28,,5,580,,Burgers,,
Pork Burger,เบอร์เกอร์หมู,EZYGO,29,93,240,10,3.5,15,11,27,,6,540,,Burgers,,
Spicy Chicken Burger with Mayo Sauce,บอร์เกอร์ไก่สไปซี่ซอสมาโย,CP,45,,,,,,,,,,,,Burgers,,
Beef Burger with Cheese and Hot Sauce,เบอร์เกอร์เนื้อและชีส ฮอตซอส,EZYGO,55,104,290,14,6,30,13,29,,4,710,,Burgers,,
Double Pork & Cheese Burger,เบอร์เกอร์ดับเบิ้ลหมูชีส,CP,42,127,380,21,8,50,18,29,2,7,670,,Burgers,,
Spicy Minced Meat (Pork & Chicken) Sticky Rice Burger,เบอร์เกอร์ข้าวเหนียวลาบแซ่บ (หมูผสมไก่),EZYGO,29,137,330,7,2,15,10,56,,1,500,,Burgers,,
Grilled Pork Sticky Rice Burger,เบอร์เกอร์ข้าวเหนียวหมูปิ้ง,EZYGO,29,141,350,9,2.5,15,10,56,,6,450,,Burgers,,
Jumbo Grilled Pork Sticky Rice Burger (Minced Chicken),เบอร์เกอร์ข้าวเหนียวจัมโบ้หมูปิ้ง (ผสมไก่),EZYGO,36,180,440,14,4.5,35,16,62,,10,750,,Burgers,,
Fried Chicken Burger with Teriyaki Sauce,เบอร์เกอร์ ไก่ทอด ซอสเทอริยากิ,CP,,,,,,,,,,,,,Burgers,,
Shrimp Cheese Burger with Spicy Sauce (With Chicken),เบอร์เกอร์ กุ้งชีส สไปซี (ผสมไก่),EZYGO,,113,310,12,3.5,20,14,37,,7,860,,Burgers,,
Grilled BBQ Chicken,ไก่ย่างบาร์บีคิว,EZYGO,38,90,,,,,,,,,,,Sides,,
Northeastern Thai sausage with fresh chili and pickled ginger.,ไส้กรอกอีสานพริกสด พร้อมขิงดอง,S. Khonkaen,73,,,,,,,,,,,,Sides,,
Shio Pan,ชิโอะปัง,EZYGO,32,60,230,11,7,40,7,25,,4,390,,Bakery,,
Neo Pizza Hawaiian,นีโอพิซซ่าหน้าฮาวาเอี้ยน,"Alfredo Enterprise Co., Ltd.",39,100,220,7,2.5,10,8,31,,8,430,,Bakery,,
Chicken Curry Filled Donut,โดนัทไส้กะหรี่ไก่,EZYGO,,69,210,11,4.5,10,6,22,,3,350,,Bakery,,
Pork Gyoza,เกี๊ยวซ่าไส้หมู,Oishi Eato,33,100,160,8,3,15,7,16,,3,540,,Dimsum,,
Shrimp Dumpling (Shrimp mixed Pork),เกี๊ยวกุ้ง (กุ้งผสมหมู),Jade Dragon,39,110,,,,,,,,,,,Dimsum,,
Baked spinach with cheese (Cheese sauce recipe),ผักโขมอบชีส (สูตรชีสซอส),Reo's deli,37,100,120,8,6,10,5,3,6,2,330,,Sides,,
Baked Lasagna with Cheese (Chicken & Pork),ลาซานญ่าอบชีส (ไก่ผสมหมู),Reo's deli,37,100,140,6,3.5,10,7,12,1,4,360,,Sides,,
Macaroni Cheese & Bacon,มักกะโรนีชีสเบคอน,Reo's deli,37,100,170,9,4.5,5,6,15,2,1,330,,Sides,,
Shrimp Roll with Seaweed Dimsum (with Chicken and Pork),,EZYGO,42,88,150,9,2.5,50,9,8,,5,650,,Dimsum,,
Crab Stick Mayonnaise and Tuna Mayonnaise Double Pocket Sandwich,ดับเบิ้ลแซนด์วงกระเปา ไส้ปูอัดมายองเนสและไส้ทูน่ามายองเนส,Le Pan,,100,270,11,2,10,6,34,,5,390,,Sandwich and Toasts,,
Crab Stick Mayonnaise and Ham Mayonnaise Double Pocket Sandwich,ดับเบิ้ลแซนด์วิชกระเป๋า ไช้ปูอัดมายองเนสและไส้แฮมมายองเนส,Le Pan,,100,260,11,2,10,6,34,,5,440,,Sandwich and Toasts,,
Shredded Pork Mayonnaise and Tuna Mayonnaise Double Pocket Sandwich,ดับเบิ้ลแซนด์วิชกระเป๋า ไส้หมูหยองมายองเนสะไส้ทูน่ามายองเนส,Le Pan,,100,280,11,1.5,15,7,37,,7,330,,Sandwich and Toasts,,
Shredded Pork Mayonnaise and Crab Stick Mayonnaise Double Pocket Sandwich,ดับเบิ้ลแซนด์วิชกระเป๋า ไส้หมูหยองมายองเนสและไส้ปูอัดมายองเนส,Le Pan,,100,290,12,1.5,15,7,37,,8,360,,Sandwich and Toasts,,